id,nomeComune,nomeScientifico,ordine,famiglia,genere,tipo,Diffusione,Quota,Fogliazione,tagMargine,tagDisposizione,tagCorteccia,tagFrutto,descrizioneFoglia,descrizioneCorteccia,descrizioneFrutto,descrizioneChioma,descrizioneDettaglioFoglia
abete_cefalonia,Abete di Cefalonia,Abies cephalonica,Pinales,Pinaceae,Abies,Conifera,Italia,Montagna,Sempreverde,intero,isolati,liscia,pigna,"Foglie aghiformi piatte, rigide e pungenti, inserite a spirale ma disposte su due file pettinate, di colore verde scuro lucido.","Corteccia grigio-bruna, liscia da giovane, che si fessura in placche sottili e irregolari negli esemplari adulti.","Pigna eretta, cilindrico-ovoide, che si disarticola a maturità lasciando l'asse centrale nudo.","Chioma conico-piramidale regolare e densa, con rami orizzontali. Abete endemico della Grecia, diffuso in Italia per rimboschimenti e come ornamentale.","Aghi lunghi 2-3 cm, lineari, piatti, rigidi e pungenti, inseriti a spirale ma disposti su due file pettinate. Pagina superiore verde scuro lucido, inferiore con due bande stomatiche biancastre. Margine intero, apice acuminato. Picciolo corto."
abete_douglas,Abete di Douglas (Douglasia),Pseudotsuga menziesii,Pinales,Pinaceae,Pseudotsuga,Conifera,Italia,Montagna,Sempreverde,intero,isolati,fessurata,strobilo,"Foglie aghiformi piatte, flessibili, isolate, disposte a spazzola. Se sfregate emanano un caratteristico e intenso profumo di limone o arancia.","Corteccia liscia e grigia con bolle di resina da giovane, che diventa spessa, sugherosa e profondamente fessurata in solchi bruni verticali.","Strobilo (pigna) pendulo, ovale, caratterizzato da vistose squame trifide (con tre punte) sporgenti che superano le squame legnose.","Chioma conico-piramidale regolare e slanciata, con rami principali orizzontali e rametti secondari penduli. Raggiunge altezze enormi.","Aghi lunghi 2-3 cm, piatti e flessibili, con apice ottuso e due bande stomatiche biancastre sulla pagina inferiore. Disposti a spirale ma appiattiti su due file laterali (pettinati). Margine intero, sezione trasversale ellittica. Molto aromatici per la presenza di resine."
abete_rosso,Abete rosso,Picea abies,Pinales,Pinaceae,Picea,Conifera,Nord,Montagna,Sempreverde,intero,isolati,squamosa,pigna,"Foglie aghiformi quadrangolari, rigide, pungenti, inserite singolarmente su piccoli cuscinetti, di colore verde scuro.","Corteccia bruno-rossastra, che si sfalda in sottili scaglie rotondeggianti, rivelando strati interni più chiari.","Strobilo (pigna) cilindrico, pendulo, lungo 10-15 cm, con squame legnose a margine ondulato, persistente sui rami.","Chioma conico-piramidale regolare e slanciata, con rami principali orizzontali e rametti secondari penduli. Una delle conifere più diffuse per rimboschimenti.","Aghi lunghi 1-2 cm, quadrangolari, rigidi e pungenti, inseriti singolarmente su piccoli cuscinetti. Colore verde scuro, sezione trasversale quadrangolare. Margine intero, apice acuminato. Sessili."
abetebianco,Abete bianco,Abies alba,Pinales,Pinaceae,Abies,Conifera,"Nord, Centro",Montagna,Sempreverde,intero,isolati,liscia,pigna,"Foglie aghiformi singole, piatte, disposte a pettine. Pagina inferiore con due caratteristiche bande bianco-argentee di stomi.","Corteccia liscia grigio-argentea con sacche di resina, che con l'età  si fessura in placche sottili.","Pigna eretta che si disarticola a maturità , lasciando l'asse centrale nudo sui rami.","Chioma densa e di colore verde scuro con riflessi argentei dovuti alla pagina inferiore degli aghi. Nelle piante isolate porta rami fin dalla base, ma in bosco si spoglia presto. Forma piramidale in gioventù, appiattita sulla sommità nelle piante anziane.","Aghi lunghi 1,5-2,5 cm, lineari, piatti, con apice ottuso o leggermente intaccato. Pagina superiore verde scuro e lucida, inferiore con due bande stomatiche bianco-argentee. Margine intero, sezione trasversale appiattita. Picciolo corto con base dilatata."
acercamp,Acero campestre,Acer campestre,Sapindales,Sapindaceae,Acer,Latifoglia,Italia,"Pianura, Collina",Decidua,lobato,opposte,fessurata,samara,"Foglie opposte, palmatolobate con 3-5 lobi arrotondati e ottusi, margine intero, di colore verde scuro opaco. Picciolo lungo e sottile.","Corteccia fessurata a placche rettangolari grigio-marroni, con costoloni verticali ben evidenti.","Disamara con ali divaricate a 180 gradi, contenente due semi.","Chioma abbastanza densa che diviene rotondeggiante.  Crescita non molto sostenuta in gioventù, diventa presto lenta.","Foglie lunghe 5-10 cm, palmatolobate con 3-5 lobi ottusi e arrotondati, margine intero o leggermente ondulato. Pagina superiore verde scuro opaco, inferiore più chiara con peli sulle nervature. Nervature palmato-reticolate ben evidenti. Picciolo lungo 3-5 cm, spesso rossastro."
acero_minore,Acero minore,Acer monspessulanum,Sapindales,Sapindaceae,Acer,Latifoglia,"Centro, Sud, Sicilia, Sardegna",Collina,Decidua,lobato,opposte,fessurata,samara,"Foglie opposte, piccole, palmatilobate con 3 lobi ottusi e arrotondati, a margine intero o leggermente ondulato, di colore verde scuro lucido.","Corteccia grigio-scura, inizialmente liscia, che con l'età  si fessura longitudinalmente in placche sottili e irregolari.","Disamara con ali divergenti in angolo acuto, contenente due piccoli semi globosi.","Chioma espansa, globosa e mediamente densa, con rami sottili e flessuosi. Albero di piccole dimensioni, tipico delle zone aride collinari.","Foglie lunghe 3-6 cm, piccole e compatte, con 3 lobi principali ottusi e arrotondati, talvolta con due lobi basali più piccoli. Margine intero o leggermente ondulato, coriacee e lucide. Nervature palmato-reticolate, con 3-5 nervature principali. Picciolo sottile, lungo 2-4 cm, spesso arrossato."
acero_monte,Acero di monte,Acer pseudoplatanus,Sapindales,Sapindaceae,Acer,Latifoglia,Italia,"Collina, Montagna",Decidua,lobato,opposte,fessurata,samara,"Foglie opposte, grandi, palmatilobate con 5 lobi acuminati e margine irregolarmente dentato. Pagina inferiore glabra o con peli solo in prossimità  delle nervature.","Corteccia grigio-brunastra, inizialmente liscia, che col tempo si fessura in placche che si sfaldano, rivelando macchie rossastre o giallastre.","Disamara con ali quasi parallele, disposte a V stretto, contenente due semi.","Chioma ampia, densa e arrotondata, con tronco robusto e rami ascendenti. Uno degli aceri più diffusi in montagna.","Foglie grandi, lunghe 10-20 cm, con 5 lobi acuminati e dentati, base cordata o tronca. Margine irregolarmente dentato, pagina superiore verde scuro, inferiore più chiara e glabra. Nervature palmato-reticolate con 5-7 nervature principali. Picciolo lungo 8-15 cm, robusto, spesso rossastro."
acero_napoletano,Acero napoletano,Acer opalus subsp. neapolitanum,Sapindales,Sapindaceae,Acer,Latifoglia,"Centro, Sud","Collina, Montagna",Decidua,lobato,opposte,fessurata,samara,"Foglie opposte, ampie, palmato-lobate con 3-5 lobi brevi e ottusi, a margine intero o leggermente dentato. Pagina inferiore spesso pubescente.","Corteccia grigio-brunastra, inizialmente liscia, che col tempo si fessura sollevandosi in placche quadrangolari o scaglie allungate.","Disamara con ali divaricate che formano un angolo acuto (circa 60-90 gradi), contenente due semi globosi.","Chioma densa, rotondeggiante ed espansa, sorretta da un tronco dritto e robusto. Portamento arboreo maestoso.","Foglie lunghe 8-15 cm, con 3-5 lobi brevi, ottusi e arrotondati, margine intero o dentato. Pagina superiore verde scuro lucido, inferiore spesso pubescente e più chiara. Nervature palmato-reticolate con 3-5 nervature principali. Picciolo lungo 5-10 cm, spesso rossastro e pubescente."
acero_negundo,Acero negundo,Acer negundo,Sapindales,Sapindaceae,Acer,Latifoglia,Italia,Pianura,Decidua,lobato,opposte,fessurata,samara,"Foglie opposte, composte imparipennate con 3-5 foglioline ovato-lanceolate, margine lobato o dentato, di colore verde chiaro.","Corteccia grigio-bruna, liscia da giovane, che si fessura longitudinalmente in costoloni spessi e sugherosi negli esemplari adulti.","Disamara con ali divergenti a V acuto (circa 60-90 gradi), contenente due semi.","Chioma ampia, espansa e irregolare, con rami fragili e portamento disordinato. Acero nordamericano a crescita rapidissima, diffusissimo nelle campagne.","Foglie composte imparipennate, opposte, lunghe 15-30 cm, con 3-5 foglioline ovato-lanceolate, lunghe 5-10 cm, larghe 3-6 cm. Margine lobato o dentato, pagina superiore verde chiaro, inferiore più chiara e glabra. Nervature pennate con 3-5 nervature principali. Picciolo lungo 5-10 cm."
acero_riccio,Acero riccio,Acer platanoides,Sapindales,Sapindaceae,Acer,Latifoglia,"Nord, Centro","Collina, Montagna",Decidua,lobato,opposte,fessurata,samara,"Foglie opposte, grandi, palmatilobate con 5 lobi acuminati interrotti da grandi denti appuntiti. Secernono lattice bianco latte se spezzate.","Corteccia grigio-scura, inizialmente liscia, poi fessurata longitudinalmente in modo fitto e regolare, senza distaccarsi in grandi placche.","Disamara con ali molto divaricate, quasi orizzontali (angolo ottuso di circa 140-180 gradi), piatte.","Chioma ampia, regolare e rotondeggiante, molto densa, che assume una splendida colorazione gialla o rossa in autunno.","Foglie grandi, lunghe 10-18 cm, con 5 lobi acuminati e margine dentato con grandi denti appuntiti. Base cordata o tronca. Pagina superiore verde scuro lucido, inferiore più chiara. Secernono lattice bianco latte. Nervature palmato-reticolate. Picciolo lungo 8-12 cm, spesso arrossato."
ailanto,Albero del paradiso (Ailanto),Ailanthus altissima,Sapindales,Simaroubaceae,Ailanthus,Latifoglia,Italia,"Pianura, Collina",Decidua,intero,alterne,liscia,samara,"Foglie alterne, enormi (fino a 90 cm), composte imparipennate con 11-25 foglioline lanceolate a margine intero, dotate di 2-4 denti ghiandolari fetidi alla base.","Corteccia grigio-chiara o verdastra, lungamente liscia, segnata da sottili striature longitudinali chiare che formano un reticolo accennato.","Samara allungata e ritorta, provvista di un'ala membranosa rossastra o gialla con il seme posto esattamente al centro.","Chioma aperta, rada e molto espansa, dall'aspetto esotico, sorretta da rami grossi, robusti e poco ramificati all'estremità. Forma slanciata, spesso a ombrello.","Foglie composte imparipennate, lunghe fino a 90 cm, con 11-25 foglioline lanceolate, lunghe 7-15 cm, a margine intero. Pagina superiore verde scuro lucido, inferiore più chiara con peli nella pagina inferiore. Ogni fogliolina presenta 2-4 denti ghiandolari fetidi alla base. Rachide robusto, picciolo lungo 5-10 cm."
albero_giuda,Albero di Giuda (Siliquastro),Cercis siliquastrum,Fabales,Fabaceae,Cercis,Latifoglia,"Centro, Sud, Sicilia, Sardegna",Collina,Decidua,intero,alterne,fessurata,capsula,"Foglie alterne, semplici, inconfondibili per la forma perfettamente circolare o reniforme (a cuore rovesciato), con margine intero e glabre.","Corteccia grigio-nerastra o bruna, inizialmente liscia, che si fessura longitudinalmente in piccole placche stabili con l'età .","Il frutto è un legume (baccello) piatto, allungato, di colore rossastro o bruno-violaceo, che pende in fitti grappoli persistenti in inverno.","Chioma globosa, espansa e irregolare, spesso policormica. Famoso per la caulifloria: i fiori rosa-carminio crescono direttamente sul tronco e sui rami nudi.","Foglie semplici, alternate, perfettamente circolari o reniformi (a cuore rovesciato), lunghe 6-12 cm, con margine intero e apice ottuso. Pagina superiore verde glauco, inferiore più chiara, glabre su entrambe le facce. Nervature palmato-reticolate con 5-7 nervature principali. Picciolo lungo 3-5 cm, sottile."
albicocco,Albicocco,Prunus armeniaca,Rosales,Rosaceae,Prunus,Latifoglia,Italia,"Pianura, Collina",Decidua,seghettato,alterne,fessurata,capsula,"Foglie alterne, cuoriformi o ovato-arrotondate con base subcordata e apice appuntito. Margine finemente seghettato e picciolo rossastro.","Corteccia bruno-rossastra o nerastra, fessurata longitudinalmente e scagliosa negli esemplari adulti, rugosa al tatto.","Drupa globosa o ovoidale (albicocca) vellutata, di colore giallo-arancione, spesso sfumata di rosso, con polpa dolce e nocciolo liscio.","Chioma globosa, ombrelliforme ed espansa, con rami spesso contorti, divergenti e leggermente intricati.","Foglie semplici, alterne, cuoriformi o ovato-arrotondate, lunghe 5-10 cm, con base subcordata e apice acuminato. Margine finemente seghettato, pagina superiore verde scuro, inferiore più chiara. Nervature pennate ben evidenti. Picciolo lungo 2-4 cm, rossastro, spesso con ghiandole nettarifere."
alloro,Alloro,Laurus nobilis,Laurales,Lauraceae,Laurus,Latifoglia,"Centro, Sud, Sicilia, Sardegna","Collina, Mare",Sempreverde,intero,alterne,liscia,capsula,"Foglie alterne, persistenti, coriacee, lanceolate o ellittiche, con margine intero leggermente ondulato, di colore verde scuro lucido. Se sfregate emanano un profumo aromatico intenso.","Corteccia grigio-scura o nerastra, liscia da giovane, che col tempo si fessura longitudinalmente in sottili placche.","Piccola bacca globosa di colore nero-violaceo a maturità , contenente un unico seme.","Chioma densa, conico-piramidale o globosa, molto ramificata fin dalla base. Tipico dei boschi termofili e della macchia mediterranea.","Foglie persistenti, coriacee, lanceolate o ellittiche, lunghe 5-12 cm, larghe 2-4 cm, con margine intero leggermente ondulato. Pagina superiore verde scuro lucido, inferiore più chiara, glabre su entrambe le facce. Nervatura pennata con nervature secondarie evidenti. Picciolo corto, spesso arrossato. Fortemente aromatiche."
bagolaro,Bagolaro (Spaccasassi),Celtis australis,Rosales,Cannabaceae,Celtis,Latifoglia,Italia,"Pianura, Collina",Decidua,seghettato,alterne,liscia,capsula,"Foglie alterne, ovato-lanceolate, con apice lungamente acuminato e base asimmetrica. Margine vistosamente seghettato, pagina superiore molto ruvida al tatto.","Corteccia grigio-cenere, compatta, densa e completamente liscia, che non si fessura mai, interrotta solo da piccole protuberanze o costoloni alla base.","Piccola drupa globosa (pallina) carnosa, portata da un lungo peduncolo, che vira dal verde al giallo e infine al nero-violaceo a maturità .","Chioma molto ampia, fitta, globosa ed espansa, sorretta da grandi rami robusti e sinuosi. Apparato radicale potentissimo in grado di spaccare le rocce.","Foglie semplici, alterne, ovato-lanceolate, lunghe 5-10 cm, larghe 3-5 cm, con apice lungamente acuminato e base asimmetrica. Margine vistosamente seghettato, pagina superiore molto ruvida al tatto per presenza di peli rigidi, inferiore più liscia. Nervature pennate con 5-7 nervature secondarie. Picciolo corto, fino a 1 cm."
betulla,Betulla bianca,Betula pendula,Fagales,Betulaceae,Betula,Latifoglia,"Nord, Centro",Montagna,Decidua,seghettato,alterne,liscia,capsula,"Foglie romboidali o triangolari, con margine doppiamente seghettato, apice acuminato e base tronca o cuneata. Di colore verde brillante.","Corteccia bianca, liscia, che si accartoccia in strisce sottili orizzontali. Diventa fessurata e nera alla base con l'età .","Amenti cilindrici penduli, che rilasciano numerosi piccoli semi alati.","Chioma espansa, soprattutto in verticale, con tronco eretto e slanciato, rami primari ascendenti, ramuli sottili, i più giovani ricadenti e penduli a formare una corona rada e leggera. Altezza sino a 25-30 metri.","Foglie romboidali o triangolari, lunghe 3-7 cm, larghe 2-5 cm, con apice acuminato e base tronca o cuneata. Margine doppiamente seghettato, pagina superiore verde brillante, inferiore più chiara. Nervature pennate con 4-6 nervature secondarie. Picciolo sottile, lungo 1-2 cm, spesso rossastro."
betulla_pubescente,Betulla pubescente,Betula pubescens,Fagales,Betulaceae,Betula,Latifoglia,Nord,Montagna,Decidua,seghettato,alterne,liscia,capsula,"Foglie alterne, ovato-romboidali, con apice acuminato e margine doppiamente seghettato, di colore verde opaco, più chiare nella pagina inferiore.","Corteccia bianco-grigiastra, liscia e opaca, che si accartoccia in strisce sottili orizzontali, tendendo a fessurarsi solo alla base.","Amenti cilindrici penduli, che rilasciano numerosi piccoli semi alati.","Chioma espansa, conica o arrotondata, con rami eretti e rametti penduli. Più adatta ai climi freschi dell'Appennino rispetto alla betulla bianca.","Foglie semplici, alterne, ovato-romboidali, lunghe 3-6 cm, larghe 2-5 cm, con apice acuminato e base tronca o arrotondata. Margine doppiamente seghettato, pagina superiore verde opaco, inferiore più chiara e spesso pubescente. Nervature pennate con 4-7 nervature secondarie. Picciolo corto, fino a 1,5 cm."
broussonetia,Broussonetia,Broussonetia papyrifera,Rosales,Moraceae,Broussonetia,Latifoglia,Italia,Pianura,Decidua,seghettato,alterne,fessurata,capsula,"Foglie alterne, molto variabili nella forma (da intere a profondamente lobate), cuoriformi o ovali, con margine seghettato e pagina superiore ruvida, simile a quelle del gelso.","Corteccia grigio-brunastra, liscia da giovane, che col tempo si fessura longitudinalmente in costoloni spessi e sugherosi.","Infruttescenza carnosa globosa di colore rosso-arancio a maturità , composta da piccoli frutti aggregati.","Chioma ampia, espansa e irregolare, con rami robusti e portamento esotico. Usato per la fabbricazione della carta in Oriente.","Foglie semplici, alterne, molto variabili nella forma: da intere a profondamente lobate (fino a 3-5 lobi), cuoriformi o ovali, lunghe 8-15 cm, larghe 5-10 cm. Margine seghettato, pagina superiore ruvida al tatto, inferiore pubescente. Nervature pennate con 3-5 nervature principali. Picciolo lungo 2-5 cm, spesso pubescente."
carpinella,Carpinella,Carpinus orientalis,Fagales,Betulaceae,Carpinus,Latifoglia,"Centro, Sud",Collina,Decidua,seghettato,alterne,liscia,capsula,"Foglie alterne, piccole, ovate o ellittiche, con apice acuminato e margine doppiamente seghettato. Pagina superiore verde scuro, inferiore più chiara e pubescente.","Corteccia grigio-cenere, liscia e sottile, con leggere striature longitudinali, simile a quella del carpino bianco ma più fine.","Piccola noce (achenio) avvolta in una brattea trilobata, simili a quelle del carpino bianco ma più piccole, riunite in amenti penduli.","Chioma fitta, espansa e irregolare, con rami sottili e flessuosi. Portamento arbustivo o di piccolo albero, tipico delle zone aride e rocciose.","Foglie semplici, alterne, piccole, ovate o ellittiche, lunghe 3-6 cm, larghe 2-4 cm, con apice acuminato e base arrotondata. Margine doppiamente seghettato. Pagina superiore verde scuro, inferiore più chiara e pubescente lungo le nervature. Nervature pennate con 8-12 paia di nervature secondarie. Picciolo corto, fino a 0,5 cm."
carpino_bianco,Carpino bianco,Carpinus betulus,Fagales,Betulaceae,Carpinus,Latifoglia,"Nord, Centro","Collina, Montagna",Decidua,seghettato,alterne,liscia,capsula,"Foglie alterne, ovato-oblunghe con nervature parallele molto evidenti e infossate. Il margine è fittamente e doppiamente seghettato. La lamina è regolare e assume una colorazione gialla in autunno.","Corteccia liscia, sottile, di colore grigio-cenerino. Caratterizzata da caratteristici costoloni longitudinali sinuosi e intrecciati che ricordano dei fasci muscolari tesi sotto la pelle.",Piccola noce (achenio) parzialmente avvolta e protetta da una caratteristica fogliolina a tre lobi (brattea trilobata) che funge da ala per favorire la dispersione con il vento.,"Chioma densa, inizialmente conico-piramidale, poi globosa ed espansa, molto ramificata. I rami secondari sono flessibili e fogliosi, di colore verde brillante.","Foglie semplici, alterne, ovato-oblunghe, lunghe 5-10 cm, larghe 3-5 cm, con apice acuminato e base arrotondata. Margine fittamente e doppiamente seghettato. Nervature parallele molto evidenti e infossate sulla pagina superiore, con 10-15 paia di nervature secondarie. Picciolo corto, fino a 1 cm."
carpino_nero,Carpino nero,Ostrya carpinifolia,Fagales,Betulaceae,Ostrya,Latifoglia,Italia,"Collina, Montagna",Decidua,seghettato,alterne,fessurata,pigna,"Foglie alterne, ovato-lanceolate con apice acuto, molto simili a quelle del carpino bianco ma con nervature secondarie spesso forcute all'estremità  e margine doppiamente seghettato.","Corteccia inizialmente grigio-bruna e liscia, che diventa precocemente scura (quasi nerastra), ruvida, fessurata e desquamata in placche rettangolari verticali stabili.","Infruttescenze pendule molto caratteristiche che ricordano dei piccoli coni o pigne allungate (simili anche al luppolo), formate da sacchetti membranosi biancastri che racchiudono i semi.","Chioma abbastanza densa, espansa e arrotondata, irregolare negli esemplari spontanei. Portamento arboreo slanciato, tipico dei boschi collinari e delle scarpate calcaree.","Foglie semplici, alterne, ovato-lanceolate, lunghe 5-10 cm, larghe 3-5 cm, con apice acuminato e base arrotondata o subcordata. Margine doppiamente seghettato. Nervature pennate con 10-15 paia di nervature secondarie, spesso forcute all'estremità . Picciolo corto, fino a 1 cm, pubescente."
carrubo,Carrubo,Ceratonia siliqua,Fabales,Fabaceae,Ceratonia,Latifoglia,"Sud, Sicilia, Sardegna","Collina, Mare",Sempreverde,intero,alterne,fessurata,capsula,"Foglie alterne, persistenti (sempreverdi), coriacee, composte paripennate con 4-10 foglioline obovate a margine intero, di colore verde scuro lucido.","Corteccia grigio-marrone o nerastra, abbastanza liscia nei giovani rami, fessurata e rugosa a piccole placche sul tronco degli alberi adulti.","Legume gigante (carruba) piatto, allungato (10-20 cm), spesso e coriaceo, marrone scuro, contenente una polpa dolciastra e semi durissimi.","Chioma imponente, espansa, globosa e molto densa, sorretta da un tronco robusto, spesso contorto e ramificato a bassa altezza. Tipico del Sud.","Foglie composte paripennate, persistenti, coriacee, lunghe 10-20 cm, con 4-10 foglioline obovate, lunghe 3-6 cm, larghe 2-3 cm, a margine intero. Foglioline coriacee, verde scuro lucido sulla pagina superiore, più chiare inferiormente. Nervatura pennata con nervature secondarie appena visibili. Picciolo robusto, lungo 2-5 cm."
castagno,Castagno,Castanea sativa,Fagales,Fagaceae,Castanea,Latifoglia,Italia,"Collina, Montagna",Decidua,seghettato,alterne,fessurata,riccio,"Foglie semplici, oblungo-lanceolate con denti acuti e pungenti. Pagina superiore verde scuro lucido, inferiore più chiara. Nervature parallele e ben evidenti.","Corteccia grigio-bruna, inizialmente liscia, che con l'età  si fessura longitudinalmente in profondi solchi spirali, assumendo un aspetto reticolato e ruvido.","Riccio spinoso contenente castagne. Il riccio è verde e spinoso, si apre a maturità  liberando 2-3 castagne lucide.","Il tronco è normalmente dritto e se isolato si diparte presto in grosse branche, dando alla chioma un aspetto ampio e tondeggiante.","Foglie semplici, alterne, oblungo-lanceolate, lunghe 10-20 cm, larghe 4-8 cm, con apice acuminato e base cuneata. Margine con denti acuti e pungenti. Pagina superiore verde scuro lucido, inferiore più chiara e pubescente. Nervature pennate con 12-20 paia di nervature secondarie evidenti. Picciolo corto, fino a 1 cm."
cedro_atlante,Cedro dell'Atlante,Cedrus atlantica,Pinales,Pinaceae,Cedrus,Conifera,Italia,"Collina, Montagna",Sempreverde,intero,coppie,fessurata,pigna,"Foglie aghiformi, lunghe 2-3 cm, riunite in ciuffi densi sui brachiblasti, di colore verde glauco o azzurrognolo (nelle varietà glauca).","Corteccia grigio-scura, spessa, profondamente fessurata in placche rugose e squamose.","Strobilo (pigna) eretto, cilindrico, con apice arrotondato o depresso. Si disarticola a maturità lasciando l'asse centrale nudo.","Chioma conico-piramidale da giovane, che diventa tabulare e monumentale negli esemplari adulti, con rami orizzontali e rametti penduli.","Aghi lunghi 2-3 cm, riuniti in ciuffi di 20-40 sui brachiblasti. Colore verde glauco o azzurrognolo, sezione trasversale quadrangolare. Apice acuminato."
cedro_himalaya,Cedro dell'Himalaya,Cedrus deodara,Pinales,Pinaceae,Cedrus,Conifera,Italia,Collina,Sempreverde,intero,coppie,fessurata,pigna,"Foglie aghiformi, lunghe 3-5 cm, più lunghe e flessibili rispetto agli altri cedri, riunite in ciuffi densi sui brachiblasti, di colore verde glauco.","Corteccia grigio-scura, liscia da giovane, che si fessura longitudinalmente in placche spesse e rugose negli esemplari maturi.","Strobilo (pigna) eretto, conoide, con apice arrotondato. Si disarticola a maturità lasciando l'asse centrale nudo.","Chioma conico-piramidale da giovane, che diventa tabulare (a palchi orizzontali stratificati) negli esemplari adulti, con rami e rametti penduli all'estremità.","Aghi lunghi 3-5 cm, riuniti in ciuffi di 20-30 sui brachiblasti, più lunghi e flessibili rispetto al cedro del Libano. Colore verde glauco, sezione trasversale quadrangolare. Apice acuminato."
cedro_libano,Cedro del Libano,Cedrus libani,Pinales,Pinaceae,Cedrus,Conifera,Italia,Collina,Sempreverde,intero,coppie,fessurata,pigna,"Foglie aghiformi brevi (2-3 cm), rigide, riunite in ciuffi densi (rosette) sui brachiblasti o singole sui macroblasti, di colore verde scuro.","Corteccia grigio-scura, inizialmente liscia, che si fessura longitudinalmente formando scaglie spesse e rugose negli esemplari maturi.","Strobilo (pigna) eretto, cilindrico-bauliforme, con apice appiattito o depresso. Si disarticola a maturità  lasciando l'asse centrale nudo.","Chioma imponente e monumentale, piramidale da giovane, che diventa tabulare (piatta a palchi orizzontali stratificati) negli esemplari adulti.","Aghi lunghi 2-3 cm, rigidi, riuniti in ciuffi densi di 20-40 aghi sui brachiblasti (rametti corti), o singoli sui macroblasti (rametti allungati). Colore verde scuro, sezione trasversale quadrangolare. Apice acuminato."
cerro,Cerro,Quercus cerris,Fagales,Fagaceae,Quercus,Latifoglia,Italia,"Collina, Montagna",Decidua,lobato,alterne,fessurata,ghianda,"Foglie alterne, coriacee, oblunghe, profondamente lobate con lobi triangolari e appuntiti. Pagina superiore ruvida, inferiore pubescente.","Corteccia grigio-scura, spessa e durissima, profondamente fessurata longitudinalmente, con l'interno dei solchi di colore rossastro.","Ghianda ovoidale protetta per metà  da una cupola caratteristica ricoperta da squame allungate, arricciate e pelose (ricce).","Chioma ampia, ovale o globosa, ben ramificata, con portamento slanciato ed elegante rispetto ad altre querce.","Foglie semplici, alterne, oblunghe, lunghe 8-15 cm, larghe 3-6 cm, con 5-8 paia di lobi triangolari e appuntiti. Margine intero o leggermente dentato. Pagina superiore verde scuro e ruvida, inferiore pubescente e più chiara. Nervature pennate con 7-10 paia di nervature secondarie. Picciolo corto, fino a 1,5 cm."
ciavardello,Ciavardello,Sorbus torminalis,Rosales,Rosaceae,Sorbus,Latifoglia,Italia,"Collina, Montagna",Decidua,lobato,alterne,fessurata,capsula,"Foglie alterne, ovate, palmatilobate con 3-5 lobi acuminati e margine seghettato, simili a quelle dell'acero ma di dimensioni minori.","Corteccia grigio-bruna, liscia da giovane, che si fessura longitudinalmente in placche sottili e scagliose.","Piccola drupa globosa, di colore bruno-giallastro con piccole lenticelle, contenente due semi.","Chioma ampia, arrotondata e fitta, con tronco diritto e rami ascendenti. Legno pregiato per ebanisteria.","Foglie semplici, alterne, ovate, lunghe 5-10 cm, larghe 4-7 cm, con 3-5 lobi acuminati e margine seghettato. Simili a quelle dell'acero ma più piccole e con picciolo più corto. Pagina superiore verde scuro, inferiore più chiara e pubescente. Nervature pennate con 5-7 paia di nervature secondarie. Picciolo lungo 2-4 cm."
ciliegio,Ciliegio selvatico,Prunus avium,Rosales,Rosaceae,Prunus,Latifoglia,Italia,"Collina, Montagna",Decidua,seghettato,alterne,liscia,capsula,"Foglie alterne, ovato-lanceolate, con margine seghettato e due caratteristiche ghiandole rosse sul picciolo vicino alla base della lamina.","Corteccia lucida, grigio-rossastra o bruna, caratterizzata da evidenti lenticelle orizzontali. Tende a sfogliarsi in strisce trasversali.","Drupa globosa (ciliegia) lungamente picciolata, con polpa carnosa, dolce o acida, di colore rosso scuro o giallastro a maturità .","Chioma inizialmente conico-piramidale, poi espansa e rotondeggiante, con rami principali vigorosi e diretti verso l'alto.","Foglie semplici, alterne, ovato-lanceolate, lunghe 8-15 cm, larghe 3-6 cm, con apice acuminato e base arrotondata. Margine seghettato, pagina superiore verde scuro, inferiore più chiara e glabra. Nervature pennate con 6-9 paia di nervature secondarie. Picciolo lungo 2-4 cm, con due ghiandole nettarifere rosse alla base della lamina."
cipresso,Cipresso comune,Cupressus sempervirens,Cupressales,Cupressaceae,Cupressus,Conifera,Italia,"Collina, Mare",Sempreverde,intero,opposte,fessurata,pigna,"Foglie ridotte a piccolissime squame geometriche adagiate e sovrapposte sul rametto a mo' di tegola, strettamente appressate, verde scuro. NB: specie eterofilla, le foglioline giovanili sono aghiformi e divaricate, mentre nella pianta adulta diventano piccole squame embricate.","Corteccia grigio-bruna, sottile, fittamente fessurata in senso longitudinale con costoloni fibrosi paralleli e stabili.","Cono legnoso sferico chiamato galbulo (o coccola), composto da scudetti geometrici che si separano a maturità  per liberare i semi.","Chioma tipicamente colonnare, stretta, eretta e appuntita (nella varietà  fastigiata) o espansa (varietà  horizontalis). Ramificazione fittissima.","Foglie squamiformi, opposte e decussate, lunghe 1-2 mm, adagiate e strettamente appressate al rametto. Colore verde scuro, con ghiandola resinosa sulla pagina esterna. Margine intero, apice ottuso."
cipresso_arizona,Cipresso dell'Arizona,Cupressus arizonica,Cupressales,Cupressaceae,Cupressus,Conifera,Italia,Collina,Sempreverde,intero,opposte,squamosa,pigna,"Foglie ridotte a piccole squame, opposte e decussate, strettamente appressate al rametto, di colore grigio-verde o glauco, fragranti se sfregate. NB: specie eterofilla, come nel cipresso comune le foglie giovanili sono aghiformi mentre quelle adulte si presentano come squame embricate.","Corteccia grigio-bruna, spessa, fessurata in lunghe strisce fibrose che si sfaldano longitudinalmente.","Cono legnoso sferico o ovoidale (galbulo), composto da scudetti con un piccolo spuntone centrale, che si apre a maturità.","Chioma conico-piramidale regolare, con rami densi e portamento slanciato. Conifera ornamentale resistente alla siccità, diffusa nei parchi del sud Italia.","Foglie squamiformi, opposte e decussate, lunghe 1-2 mm, strettamente appressate al rametto. Colore grigio-verde o glauco. Margine intero, apice ottuso. Sessili."
cipresso_calvo,Cipresso calvo,Taxodium distichum,Cupressales,Cupressaceae,Taxodium,Conifera,Italia,Pianura,Decidua,intero,alterne,fessurata,pigna,"Foglie aghiformi piatte, lineari, disposte a pettine su due file, di colore verde chiaro, che in autunno assumono una splendida colorazione rosso-rame prima di cadere.","Corteccia grigio-bruna, spessa, profondamente fessurata in lunghe strisce fibrose che si sfaldano longitudinalmente.","Cono legnoso sferico o ovoidale, composto da scudetti irregolari, che si disarticola a maturità  rilasciando semi triangolari.","Chioma conico-piramidale e slanciata, con tronco eretto e rami orizzontali. Tipico delle zone paludose, sviluppa radici respiratorie (pneumatofori).","Aghi lineari, piatti, lunghi 1-2 cm, disposti a pettine su due file su rametti laterali decidui. Colore verde chiaro nella stagione vegetativa, rosso-rame in autunno. Pagina superiore con due bande stomatiche chiare. Margine intero, apice acuminato."
corbezzolo,Corbezzolo,Arbutus unedo,Ericales,Ericaceae,Arbutus,Latifoglia,"Centro, Sud, Sicilia, Sardegna","Collina, Mare",Sempreverde,seghettato,alterne,squamosa,capsula,"Foglie alterne, persistenti, coriacee, ovali-lanceolate con margine finemente seghettato, verde scuro lucido sulla pagina superiore, più chiare sotto.","Corteccia rossastro-bruna, che si sfalda in sottili placche fibrose, rivelando strati interni più chiari.","Bacca globosa, rugosa e carnosa, di colore rosso-arancio a maturità , con polpa farinosa contenente numerosi piccoli semi.","Chioma densa, globosa o irregolare, con rami flessuosi e portamento arbustivo o di piccolo albero. Tipico della macchia mediterranea.","Foglie persistenti, coriacee, ovali-lanceolate, lunghe 5-10 cm, larghe 2-4 cm, con margine finemente seghettato. Pagina superiore verde scuro e lucido, inferiore più chiara e glabra. Nervatura pennata con nervature secondarie evidenti. Picciolo corto, fino a 1,5 cm, spesso rossastro."
erica_arborea,Erica arborea,Erica arborea,Ericales,Ericaceae,Erica,Latifoglia,"Centro, Sud, Sicilia, Sardegna","Collina, Montagna",Sempreverde,intero,alterne,fessurata,capsula,"Foglie persistenti, aghiformi, lineari, riunite in verticilli di 4, di colore verde scuro. Molto piccole e dure al tatto.","Corteccia bruno-rossastra, sottile, che si fessura longitudinalmente in strisce verticali, rivelando un colore più chiaro internamente.","Capsula globosa, piccola, deiscente, contenente numerosi semi minutissimi.","Portamento arbustivo o di piccolo albero, con chioma fitta, cespugliosa e allargata. Tipico della macchia mediterranea su suoli acidi.","Foglie aghiformi, lineari, lunghe 4-7 mm, riunite in verticilli di 4. Colore verde scuro, coriacee e dure al tatto. Margine intero, apice acuminato. Picciolo quasi assente, lamina sessile."
eucalipto,Eucalipto comune,Eucalyptus globulus,Myrtales,Myrtaceae,Eucalyptus,Latifoglia,"Centro, Sud, Sicilia, Sardegna","Pianura, Collina",Sempreverde,intero,alterne,squamosa,capsula,"Foglie alterne, persistenti, coriacee, di due tipi: le foglie giovanili sono opposte, sessili, ovate e glauche; le foglie adulte sono alterne, picciolate, lanceolate-falcate, pendule, di colore verde-glauco o grigio-verde, ricche di oli essenziali aromatici.","Corteccia grigio-brunastra o grigio-azzurrognola, liscia e fibrosa, che si sfalda in lunghe strisce verticali, rivelando strati interni più chiari, spesso giallastri o verdastri. Alla base il tronco può presentare corteccia rugosa e fessurata.","Capsula legnosa (opercolo) a forma di campana o coppa, con 4 denti sporgenti, contenente numerosi semi minutissimi. I frutti maturi sono persistenti sui rami per lungo tempo.","Chioma espansa, leggera e irregolare, con rami penduli e flessuosi. Portamento slanciato e maestoso, spesso con il tronco nudo e la chioma concentrata nella parte superiore. Albero a crescita rapidissima, originario dell'Australia, ampiamente coltivato in Italia per rimboschimenti e come ornamentale.","Foglie adulte lanceolate-falcate, lunghe 15-30 cm, larghe 2-4 cm, con apice acuminato e base cuneata. Margine intero, coriacee, glabre, di colore verde-glauco o grigio-verde, ricche di oli essenziali (cineolo). Nervatura pennata con nervature secondarie oblique e poco evidenti. Picciolo lungo 2-4 cm, spesso arrossato. Le foglie giovanili sono opposte, sessili, ovate, lunghe 5-15 cm, glauche."
faggio,Faggio,Fagus sylvatica,Fagales,Fagaceae,Fagus,Latifoglia,Italia,Montagna,Decidua,intero,alterne,liscia,capsula,"Foglie ovali-ellittiche con margine intero o leggermente ondulato, nervature parallele e ben evidenti. Pagina superiore verde scuro lucido, inferiore più chiara.",Corteccia liscia e grigia plumbea anche da vecchia.,Cupa con aculei morbidi contenente faggiole (nocciole triangolari).,"Chioma costituita sia da grossi rami ascendenti, che, nella parte distale, da rami più fini che formano un angolo molto acuto (30 gradi) e danno un aspetto piuttosto globoso ed ampio.","Foglie semplici, alterne, ovali-ellittiche, lunghe 5-10 cm, larghe 3-6 cm, con apice acuminato e base cuneata. Margine intero o leggermente ondulato, con ciglia marginali. Pagina superiore verde scuro e lucido, inferiore più chiara. Nervature pennate con 5-8 paia di nervature secondarie evidenti. Picciolo corto, fino a 1 cm."
farnetto,Farnetto,Quercus frainetto,Fagales,Fagaceae,Quercus,Latifoglia,"Centro, Sud",Collina,Decidua,lobato,alterne,fessurata,ghianda,"Foglie alterne, grandi, obovate, con 7-12 lobi profondi e stretti, quasi lineari, margine intero o leggermente dentato. Pagina inferiore tomentosa e grigiastra.","Corteccia grigio-bruna, spessa, profondamente fessurata longitudinalmente in costoloni reticolati e scaglie stabili.","Ghianda ovoidale, protetta per metà  da una cupola con squame appressate e pubescenti, sostenuta da un corto peduncolo.","Chioma ampia, globosa e molto densa, con tronco robusto e rami ascendenti. Tipica del centro-sud Italia.","Foglie grandi, obovate, lunghe 15-25 cm, larghe 10-15 cm, con 7-12 paia di lobi profondi e stretti, quasi lineari. Margine intero o leggermente dentato. Pagina superiore verde scuro opaco, inferiore tomentosa e grigiastra. Nervature pennate con 10-14 paia di nervature secondarie. Picciolo corto, fino a 1 cm."
farnia,Farnia,Quercus robur,Fagales,Fagaceae,Quercus,Latifoglia,Nord,Pianura,Decidua,lobato,alterne,fessurata,ghianda,"Foglie alterne, obovate, lobate con lobi arrotondati e base della lamina provvista di due orecchiette caratteristiche. Picciolo quasi assente (cortissimo).","Corteccia grigio-bruna, precocemente fessurata in profondi solchi longitudinali e costoloni verticali spessi.","Ghiande allungate, riunite a gruppi di 2-5 e sorrette da un lunghissimo peduncolo comune (caratteristica diagnostica chiave).","Chioma monumentale, molto ampia, globosa e aperta, con rami principali massicci, nodosi e contorti.","Foglie semplici, alterne, obovate, lunghe 6-15 cm, larghe 3-8 cm, con 4-7 paia di lobi arrotondati. Base della lamina provvista di due caratteristiche orecchiette (auricole). Margine intero o leggermente ondulato. Pagina superiore verde scuro, inferiore più chiara e glabra. Picciolo quasi assente (1-2 mm)."
fragno,Fragno,Quercus trojana,Fagales,Fagaceae,Quercus,Latifoglia,Sud,Collina,Decidua,seghettato,alterne,fessurata,ghianda,"Foglie alterne, persistenti, coriacee, ovato-lanceolate, con margine dentato-spinoso simile al leccio, di colore verde scuro lucido.","Corteccia grigio-scura o nerastra, spessa, fessurata in piccole placche quadrangolari squamose e stabili.","Ghianda ovoidale, protetta per circa un terzo da una cupola con squame appressate, di colore marrone lucido.","Chioma densa, globosa o irregolare, con tronco breve e nodoso. Quercia termofila tipica del sud Italia e delle isole.","Foglie persistenti, coriacee, ovato-lanceolate, lunghe 4-8 cm, larghe 2-4 cm, con margine dentato-spinoso (simile al leccio). Pagina superiore verde scuro e lucido, inferiore più chiara e pubescente. Nervature pennate con 5-7 paia di nervature secondarie. Picciolo corto, fino a 1 cm."
frassino,Frassino maior,Fraxinus excelsior,Lamiales,Oleaceae,Fraxinus,Latifoglia,"Nord, Centro","Collina, Montagna",Decidua,seghettato,opposte,liscia,samara,"Foglie opposte, composte imparipennate con 9-15 foglioline seghettate. Foglioline ovato-lanceolate, sessili o sub-sessili.","Corteccia liscia grigio-chiara da giovane, poi fessurata longitudinalmente in costoloni verticali.",Samara allungata e pendula in grappoli.,"Chioma leggera e ovale-piramidale in gioventù, diventa più arrotondata con l'età .","Foglie composte imparipennate, opposte, lunghe 15-30 cm, con 9-15 foglioline ovato-lanceolate, lunghe 5-10 cm, larghe 2-4 cm. Margine seghettato. Pagina superiore verde scuro, inferiore più chiara e glabra. Rachide robusto, picciolo lungo 2-5 cm."
gelso_bianco,Gelso comune (Gelso bianco),Morus alba,Rosales,Moraceae,Morus,Latifoglia,Italia,Pianura,Decidua,seghettato,alterne,fessurata,capsula,"Foglie alterne, molto variabili nella forma (da intere a profondamente lobate), cuoriformi o ovate, con margine seghettato. La pagina superiore è liscia, glabra e decisamente lucida (differenza chiave dal gelso nero che è ruvido). NB: specie eterofilla, sulla stessa pianta (specialmente sui polloni) convivono foglie intere e foglie profondamente lobate.","Corteccia grigio-giallastra o bruno-chiara, che si fessura precocemente in senso longitudinale formando costoloni profondi e un disegno a reticolo abbastanza regolare.","Infruttescenza carnosa (mora di gelso) formata da piccoli frutti aggregati, portata da un peduncolo ben evidente. A maturità  è tipicamente bianco-giallastra o rosa-violacea, dal sapore dolciastro.","Chioma ampia, fitta, rotondeggiante e molto espansa, spesso ramificata a bassa altezza. I rami sono lisci e grigiastri, con portamento robusto.","Foglie semplici, alterne, molto variabili nella forma: da intere a profondamente lobate (fino a 3-5 lobi), cuoriformi o ovate, lunghe 5-15 cm. Margine seghettato, pagina superiore liscia, glabra e lucida. Nervature palmato-reticolate con 3-5 nervature principali. Picciolo lungo 2-5 cm, spesso con ghiandole nettarifere."
gelso_nero,Gelso nero,Morus nigra,Rosales,Moraceae,Morus,Latifoglia,Italia,"Pianura, Collina",Decidua,seghettato,alterne,fessurata,capsula,"Foglie alterne, cuoriformi o ovate, a volte lobate, con base subcordata e apice acuto. Margine seghettato e pagina superiore marcatamente ruvida. NB: specie eterofilla, come nel gelso bianco si trovano sulla stessa pianta foglie intere e foglie lobate, specialmente sui rami giovani.","Corteccia grigio-bruna o rossastra, precocemente rugosa, fessurata longitudinalmente in costoloni spessi e desquamata nei vecchi esemplari.","Infruttescenza carnosa ovoidale (mora di gelso) composta da piccoli frutti aggregati, succosa, di colore rosso scuro o nero-violaceo a maturità .","Chioma ampia, densa, espansa e arrotondata, spesso disordinata, sorretta da un tronco breve e robusto con rami contorti.","Foglie semplici, alterne, cuoriformi o ovate, lunghe 8-15 cm, larghe 6-10 cm, con base subcordata e apice acuminato. Margine seghettato, pagina superiore marcatamente ruvida al tatto (differenza dal gelso bianco). Nervature pennate con 5-7 paia di nervature secondarie. Picciolo lungo 2-4 cm, pubescente."
ginepro_comune,Ginepro comune,Juniperus communis,Cupressales,Cupressaceae,Juniperus,Conifera,Italia,"Collina, Montagna",Sempreverde,intero,verticillate,squamosa,pigna,"Foglie aghiformi, persistenti, riunite in verticilli di 3, rigide e pungenti, con una banda stomatica biancastra sulla pagina superiore.","Corteccia bruno-rossastra, sottile, che si sfalda in strisce longitudinali, rivelando strati interni più chiari.","Galbulo (cono) carnoso, globoso, di colore nero-bluastro a maturità, ricoperto da una pruina cerosa, contenente 1-3 semi.","Portamento arbustivo o di piccolo albero, con chioma densa e irregolare, spesso colonnare o piramidale. Tipico dei pascoli montani e delle lande.","Foglie aghiformi, persistenti, riunite in verticilli di 3, lunghe 1-2 cm, rigide e pungenti. Pagina superiore con una banda stomatica biancastra, inferiore verde scuro. Margine intero, apice acuminato. Sessili, con base aderente al rametto."
ginkgo,Ginkgo,Ginkgo biloba,Ginkgoales,Ginkgoaceae,Ginkgo,Latifoglia,Italia,"Pianura, Collina",Decidua,lobato,alterne,liscia,capsula,"Foglie alterne, uniche nel loro genere, a forma di ventaglio con nervature parallele e dicotome, lobate o incise, di colore verde brillante che in autunno vira a un intenso giallo oro. NB: specie eterofilla, sui getti giovani o vigorosi (polloni) le foglie sono spesso più profondamente incise e irregolari rispetto alla tipica forma a ventaglio bilobata dei rami adulti.","Corteccia grigio-brunastra, inizialmente liscia, che con l'età  si fessura longitudinalmente in creste rugose e spesse.","Seme duro, ovoidale, di colore giallo-arancio a maturità , con odore sgradevole dovuto all'acido butirrico. La parte esterna carnosa è maleodorante.","Chioma conico-piramidale da giovane, poi espansa e irregolare, con rami eretti e rametti penduli. Albero monumentale, noto come fossile vivente.","Foglie semplici, alterne, a forma di ventaglio, lunghe 5-8 cm, larghe 5-8 cm, con nervature parallele e dicotome che si dividono all'estremità . Margine intero o più spesso inciso in due lobi. Pagina superiore verde brillante, inferiore più chiara. Picciolo lungo 4-8 cm, sottile."
gleditsia,Gleditsia,Gleditschia triacanthos,Fabales,Fabaceae,Gleditsia,Latifoglia,Italia,Pianura,Decidua,seghettato,alterne,fessurata,capsula,"Foglie alterne, composte bipennate o pennate, lunghe 15-30 cm, formate da numerose foglioline ovali con margine seghettato, di colore verde chiaro.","Corteccia grigio-bruna, liscia da giovane, che col tempo si fessura in placche sottili e si solleva, rivelando strati interni aranciati. Caratterizzata da grandi spine ramificate sul tronco e sui rami.","Legume (baccello) piatto, allungato (20-40 cm), spesso attorcigliato, di colore bruno-rossastro a maturità , contenente semi scuri.","Chioma leggera, espansa e irregolare, con rami sinuosi e penduli. Albero esotico spinoso, usato nei parchi storici.","Foglie composte bipennate o pennate, alterne, lunghe 15-30 cm, con 10-20 paia di foglioline ovali, lunghe 2-4 cm, larghe 1-2 cm. Margine seghettato, pagina superiore verde chiaro, inferiore più chiara. Rachide robusto, picciolo lungo 3-5 cm."
ippocastano,Ippocastano,Aesculus hippocastanum,Sapindales,Sapindaceae,Aesculus,Latifoglia,Italia,"Pianura, Collina",Decidua,seghettato,opposte,fessurata,capsula,"Foglie opposte, grandi, composte palmate con 5-7 foglioline obovate a ventaglio, con margine vistosamente seghettato o doppiamente dentato.","Corteccia grigio-bruna, inizialmente liscia, che negli esemplari adulti si fessura e si distacca in ampie placche rugose sollevate.","Capsula verde, globosa e provvista di corte spine (riccio carnoso), che si apre in 3 valve liberando 1-2 grandi semi lucidi (castagne d'India).","Chioma imponente, globosa o piramidale, molto densa e ramificata. Rami inferiori spesso arcuati verso il basso e risalenti all'estremità .","Foglie composte palmate, opposte, con 5-7 foglioline obovate a ventaglio, lunghe 10-20 cm, larghe 5-10 cm. Margine vistosamente seghettato o doppiamente dentato. Pagina superiore verde scuro, inferiore più chiara e glabra. Picciolo lungo 10-20 cm."
larice,Larice comune,Larix decidua,Pinales,Pinaceae,Larix,Conifera,Nord,Montagna,Decidua,intero,coppie,fessurata,pigna,"Foglie aghiformi flessibili, non pungenti, riunite in ciuffi densi (20-40 aghi) sui brachiblasti o singole sui macroblasti. E'  l'unica conifera europea a perdere completamente gli aghi in autunno dopo una splendida colorazione gialla.","Corteccia grigiastra e liscia da giovane, che diventa molto spessa, sugherosa, profondamente fessurata in placche brune o rossastre all'interno.","Strobilo (pigna) piccolo, ovoide, eretto, con squame legnose appressate a margine intero, persistente sui rami per diversi anni.","Chioma leggera, rada, conico-piramidale ed elegante, con rami principali orizzontali e rametti secondari penduli. Portamento slanciato d'alta quota.","Aghi lunghi 1-3 cm, flessibili, non pungenti, riuniti in ciuffi densi di 20-40 aghi sui brachiblasti (rametti corti), o singoli sui macroblasti. Sezione trasversale triangolare, colore verde chiaro. Cadono in autunno dopo una colorazione giallo-oro."
leccio,Leccio,Quercus ilex,Fagales,Fagaceae,Quercus,Latifoglia,"Centro, Sud, Sicilia, Sardegna","Collina, Mare",Sempreverde,intero,alterne,fessurata,ghianda,"Foglie alterne, persistenti (sempreverdi), coriacee, da lanceolate a ellittiche. Margine intero (o spinoso-dentato nei giovani rami), pagina inferiore grigio-tomentosa.","Corteccia grigio-scura o nerastra, fittamente fessurata in piccole scaglie quadrate persistenti e dure.","Ghianda ovale, protetta per circa un terzo o metà  da una cupola con squame ben appressate e finemente pubescenti.","Chioma densa, globosa e cupa, molto ramificata. Portamento maestoso tipico della macchia mediterranea.","Foglie persistenti, coriacee, lanceolate o ellittiche, lunghe 3-8 cm, larghe 1-3 cm. Margine intero (o spinoso-dentato nei giovani rami), apice acuminato. Pagina superiore verde scuro e lucido, inferiore grigio-tomentosa per fitta peluria stellata. Nervature pennate con 5-8 paia di nervature secondarie. Picciolo corto, fino a 1 cm."
liquidambar,Liquidambar (Storace),Liquidambar styraciflua,Saxifragales,Altingiaceae,Liquidambar,Latifoglia,Italia,Pianura,Decidua,lobato,alterne,fessurata,capsula,"Foglie alterne, palmatilobate con 5-7 lobi appuntiti a stella, finemente seghettate, che assumono spettacolari tonalità  rosse e porpora in autunno.","Corteccia grigio-bruna, fessurata e rugosa, spesso provvista di caratteristiche escrescenze sugherose sporgenti (ali di sughero) sui rametti.","Infruttescenze globose e legnose (palline) munite di capsule appuntite e spinose, appese a un lungo peduncolo, persistenti in inverno.","Chioma dapprima strettamente piramidale o conica, poi più arrotondata negli esemplari maturi. Portamento molto geometrico ed elegante.","Foglie semplici, alterne, palmatilobate con 5-7 lobi appuntiti a stella, lunghe 10-15 cm, larghe 10-15 cm. Margine finemente seghettato. Pagina superiore verde scuro, inferiore più chiara e glabra. Nervature palmato-reticolate con 5-7 nervature principali. Picciolo lungo 5-10 cm. Colorazione autunnale spettacolare."
liriodendro,Liriodendro (Albero dei tulipani),Liriodendron tulipifera,Magnoliales,Magnoliaceae,Liriodendron,Latifoglia,Italia,"Pianura, Collina",Decidua,lobato,alterne,fessurata,samara,"Foglie alterne, uniche nel loro genere, a forma di sella o di profilo di tulipano, con 4 lobi speculari e un apice tronco o nettamente inciso.","Corteccia grigio-chiara, inizialmente liscia con sottili solchi, che diventa fessurata con un disegno a reticolo geometrico regolare.","Infruttescenza eretta a forma di cono, composta da numerose samare alate strettamente appressate che si staccano in autunno.","Chioma imponente, inizialmente piramidale e poi colonnare ed espansa, molto regolare. Apprezzato per la fioritura simile a tulipani.","Foglie semplici, alterne, uniche nel loro genere: a forma di sella o di profilo di tulipano, con 4 lobi speculari e un apice tronco o nettamente inciso. Lunghe 8-15 cm, larghe 8-15 cm. Margine intero, pagina superiore verde brillante, inferiore più chiara. Nervature palmato-reticolate con 3-5 nervature principali. Picciolo lungo 5-10 cm."
magnolia,Magnolia grandiflora,Magnolia grandiflora,Magnoliales,Magnoliaceae,Magnolia,Latifoglia,Italia,"Pianura, Collina",Sempreverde,intero,alterne,fessurata,pigna,"Foglie alterne, grandi, persistenti, ellittiche, estremamente coriacee. Pagina superiore verde scuro lucida (effetto lacca), inferiore color ruggine e pubescente.","Corteccia grigia o bruno-grigiastra, inizialmente liscia, che col tempo si fessura in piccole placche quadrate o scaglie stabili.","Infruttescenza eretta a forma di cono o pigna (follicolo composto) legnosa, da cui a maturità  escono vistosi semi ovali di colore rosso vivo.","Chioma densa, regolare, conico-piramidale o rotondeggiante, molto ramificata fin dalla base. Famosa per gli enormi fiori bianchi profumati.","Foglie persistenti, grandi, ellittiche, lunghe 10-20 cm, larghe 5-10 cm, estremamente coriacee. Margine intero, apice acuminato. Pagina superiore verde scuro e lucido (effetto lacca), inferiore color ruggine e pubescente per fitta peluria. Nervature pennate con 8-12 paia di nervature secondarie. Picciolo corto e robusto, fino a 2 cm."
melo,Melo selvatico,Malus sylvestris,Rosales,Rosaceae,Malus,Latifoglia,Italia,"Collina, Montagna",Decidua,seghettato,alterne,fessurata,capsula,"Foglie alterne, ovate o ellittiche, con apice acuto e margine seghettato o crenato. Pagina inferiore opaca e leggermente pubescente.","Corteccia grigiastra o bruna, inizialmente liscia, che col tempo si fessura e si squama in placche sottili e irregolari.","Falso frutto chiamato pomo (mela), globoso, con fossetta calicina e peduncolare, di colore variabile (verde, giallo, rosso) e polpa soda.","Chioma arrotondata, espansa e fitta, spesso irregolare, sorretta da un tronco breve e nodoso.","Foglie semplici, alterne, ovate o ellittiche, lunghe 4-8 cm, larghe 2-4 cm, con apice acuminato e base arrotondata. Margine seghettato o crenato. Pagina superiore verde scuro, inferiore opaca e leggermente pubescente. Nervature pennate con 5-7 paia di nervature secondarie. Picciolo lungo 1-2 cm, spesso pubescente."
mimosa,Mimosa,Acacia dealbata,Fabales,Fabaceae,Acacia,Latifoglia,"Centro, Sud, Sicilia, Sardegna","Collina, Mare",Sempreverde,intero,alterne,liscia,capsula,"Foglie alterne, composte bipennate, lunghe 5-12 cm, di colore verde-glauco o argentato. Sono suddivise in 10-30 coppie di segmenti principali, a loro volta composti da decine di minuscole foglioline lineari con margine intero.","Corteccia inizialmente liscia, di colore grigio-verde o grigio chiaro opaco nei rami e nei giovani tronchi. Tende a diventare finemente fessurata o rugosa solo negli esemplari molto vecchi.","Il frutto è un legume deiscente, compresso verde-azzurrognolo o bruno-rossiccio","Chioma ampia, espansa e irregolare, con rami flessuosi e un portamento leggero e piumoso. Spesso si presenta molto ramificata fin dalla base.","Foglie composte bipennate, alterne, lunghe 5-12 cm, con 10-30 paia di segmenti principali. Ogni segmento è composto da 20-40 paia di foglioline lineari, lunghe 2-5 mm, a margine intero. Colore verde-glauco o argentato. Rachide sottile, picciolo lungo 1-3 cm."
mirto,Mirto comune,Myrtus communis,Myrtales,Myrtaceae,Myrtus,Latifoglia,"Centro, Sud, Sicilia, Sardegna","Collina, Mare",Sempreverde,intero,opposte,fessurata,capsula,"Foglie opposte, persistenti (sempreverdi), coriacee, piccole, ovali-lanceolate e glabre. Se sfregate emanano un profumo aromatico molto intenso.","Corteccia rossastra o bruno-aranciata, sottile, che si fessura longitudinalmente e si distacca in strisce verticali negli esemplari arborei.","Bacca globosa o ovoidale (mirtillo) di colore nero-azzurrognolo o violaceo, ricca di semi, sormontata dai residui del calice.","Portamento tipicamente arbustivo o di piccolo albero, con chioma fittissima, densa, globosa e cespugliosa. Simbolo della macchia mediterranea.","Foglie persistenti, opposte, coriacee, ovali-lanceolate, lunghe 2-4 cm, larghe 1-2 cm, con apice acuminato. Margine intero, pagina superiore verde scuro e lucido, inferiore più chiara e glabra. Nervatura pennata con nervature secondarie poco evidenti. Picciolo corto, fino a 0,5 cm. Fortemente aromatiche."
nocciolo,Nocciolo,Corylus avellana,Fagales,Betulaceae,Corylus,Latifoglia,Italia,"Collina, Montagna",Decidua,seghettato,alterne,liscia,capsula,"Foglie alterne, grandi, cuoriformi (cordate), con apice acuminato e margine doppiamente seghettato. Pagina superiore verde scuro opaco, inferiore pubescente.","Corteccia grigio-bruna, liscia e lucida, con lenticelle evidenti, che si fessura leggermente con l'età.","Noce (nocciola) globosa o ovoidale, racchiusa in un involucro fogliaceo (cupola) frastagliato, che si apre a maturità liberando il seme edule.","Chioma arbustiva o di piccolo albero, densa e cespugliosa, con rami flessuosi e portamento allargato. Tipico del sottobosco e delle siepi.","Foglie semplici, alterne, cuoriformi (cordate), lunghe 6-12 cm, larghe 5-10 cm, con apice acuminato e base cordata. Margine doppiamente seghettato. Pagina superiore verde scuro opaco, inferiore pubescente. Nervature pennate con 6-8 paia di nervature secondarie. Picciolo lungo 1-2 cm, pubescente."
noce,Noce comune,Juglans regia,Fagales,Juglandaceae,Juglans,Latifoglia,Italia,"Pianura, Collina",Decidua,intero,alterne,fessurata,capsula,"Foglie alterne, grandi, composte imparipennate con 5-9 foglioline ovali-ellittiche a margine intero, aromatiche se sfregate.","Corteccia grigio-chiara e liscia da giovane, che diviene profondamente fessurata longitudinalmente con l'età , formando larghi costoloni grigi.","Drupa globosa (mallo) carnosa e verde, che a maturità  si secca e si apre liberando il nocciolo legnoso ed edule (la noce).","Chioma ampia, globosa e maestosa, ramificata ad alto fusto, con rami robusti e radi.","Foglie composte imparipennate, alterne, lunghe 20-40 cm, con 5-9 foglioline ovali-ellittiche, lunghe 6-15 cm, larghe 3-8 cm. Margine intero, pagina superiore verde scuro, inferiore più chiara e glabra. Nervature pennate con 5-7 paia di nervature secondarie. Picciolo robusto, lungo 5-10 cm. Aromatiche se sfregate."
noce_americano,Noce americano (Hickory),Carya sp.,Fagales,Juglandaceae,Carya,Latifoglia,Italia,Pianura,Decidua,seghettato,alterne,fessurata,capsula,"Foglie alterne, composte imparipennate con 5-9 foglioline ovali-lanceolate a margine finemente seghettato, di colore verde scuro lucido, che in autunno assumono tonalità  giallo-dorate.","Corteccia grigio-chiara, spessa, profondamente fessurata in costoloni reticolati che si incrociano, con creste spesse e dure al tatto.","Noce globosa o ovoidale, con guscio legnoso duro e rugoso, contenente un seme edule dal sapore dolce.","Chioma ampia, globosa e molto densa, con tronco dritto e rami ascendenti. Albero nordamericano dei parchi storici e arboreti.","Foglie composte imparipennate, alterne, lunghe 20-30 cm, con 5-9 foglioline ovali-lanceolate, lunghe 8-15 cm, larghe 3-5 cm. Margine finemente seghettato. Pagina superiore verde scuro e lucido, inferiore più chiara e glabra. Nervature pennate con 10-15 paia di nervature secondarie. Picciolo robusto, lungo 5-10 cm."
olivo,Olivo,Olea europaea,Lamiales,Oleaceae,Olea,Latifoglia,"Centro, Sud, Sicilia, Sardegna","Collina, Mare",Sempreverde,intero,opposte,fessurata,capsula,"Foglie opposte, persistenti, coriacee, lanceolate o lineari, a margine intero. Pagina superiore verde scuro opaco, inferiore argentea per la presenza di peli stellati.","Corteccia grigia o cinerea, liscia nei giovani rami, che diventa precocemente tormentata, nera, profondamente fessurata e scabra sul tronco.","Drupa ovoidale o globosa (oliva) con esocarpo sottile, mesocarpo carnoso e oleoso, ed endocarpo legnoso (nocciolo solcato).","Chioma espansa, irregolare e mediamente densa. Il tronco è inconfondibile: nodoso, tormentato, spesso concavo o diviso in ceppaie monumentali.","Foglie persistenti, opposte, coriacee, lanceolate o lineari, lunghe 3-6 cm, larghe 0,5-1 cm. Margine intero, apice acuminato. Pagina superiore verde scuro opaco, inferiore argentea per fitta peluria stellata. Nervatura pennata con nervature secondarie poco evidenti. Picciolo corto, fino a 0,5 cm."
olmo,Olmo campestre,Ulmus minor,Rosales,Ulmaceae,Ulmus,Latifoglia,Italia,"Pianura, Collina",Decidua,seghettato,alterne,fessurata,samara,"Foglie ovali con base fortemente asimmetrica e margine seghettato. Pagina superiore ruvida, inferiore pubescente.",Corteccia grigio-marrone fessurata profondamente a rete.,Samara alata arrotondata con seme centrale.,"Albero di prima grandezza che in condizioni ottimali può raggiungere i 30-40 m di altezza e un diametro del tronco di 1,5-2 m. Portamento irregolare, cespuglioso.","Foglie semplici, alterne, ovali o ovato-ellittiche, lunghe 4-8 cm, larghe 2-4 cm, con base fortemente asimmetrica e apice acuminato. Margine seghettato, pagina superiore ruvida, inferiore pubescente. Nervature pennate con 10-15 paia di nervature secondarie. Picciolo corto, fino a 0,5 cm."
olmo_caucaso,Zelkova o Olmo del Caucaso,Zelkova sp.,Rosales,Ulmaceae,Zelkova,Latifoglia,Italia,Pianura,Decidua,seghettato,alterne,fessurata,capsula,"Foglie alterne, ovato-lanceolate, con base asimmetrica e margine seghettato, simili a quelle dell'olmo ma più ruvide e coriacee, di colore verde scuro.","Corteccia grigio-chiara, liscia da giovane, che col tempo si fessura in placche irregolari e si sfalda, rivelando macchie aranciate.","Piccola drupa globosa o ovoidale, di colore bruno a maturità , contenente un unico seme.","Chioma ampia, globosa e densa, con rami eretti e portamento slanciato. Albero esotico simile all'olmo, usato nei parchi storici.","Foglie semplici, alterne, ovato-lanceolate, lunghe 5-10 cm, larghe 3-5 cm, con base asimmetrica e apice acuminato. Margine seghettato, pagina superiore ruvida e coriacea, inferiore più chiara e pubescente. Nervature pennate con 8-12 paia di nervature secondarie. Picciolo corto, fino a 1 cm."
ontano_bianco,Ontano bianco,Alnus incana,Fagales,Betulaceae,Alnus,Latifoglia,Nord,Montagna,Decidua,seghettato,alterne,liscia,pigna,"Foglie alterne, ovate ed ellittiche, con apice appuntito. Margine doppiamente seghettato, pagina inferiore tipicamente grigio-scolorita o opaca (da cui bianco) e densamente pubescente.","Corteccia liscia e grigio-chiara, che rimane tale per quasi tutta la vita dell'albero, fessurandosi leggermente solo in età  molto avanzata.","Infruttescenze legnose ovali simili a piccole pigne (strobili) di colore marrone, sessili o quasi (senza peduncolo), persistenti in inverno.","Chioma irregolare, slanciata e fitta, spesso cespugliosa o policormica (a più fusti). Specie pioniera di fiumi montani e zone franose.","Foglie semplici, alterne, ovate o ellittiche, lunghe 5-10 cm, larghe 3-6 cm, con apice acuminato e base arrotondata. Margine doppiamente seghettato. Pagina superiore verde scuro, inferiore grigio-scolorita (da cui bianco) e densamente pubescente. Nervature pennate con 8-12 paia di nervature secondarie. Picciolo corto, fino a 1 cm."
ontano_cordato,Ontano napoletano (Cordato),Alnus cordata,Fagales,Betulaceae,Alnus,Latifoglia,Sud,"Collina, Montagna",Decidua,seghettato,alterne,fessurata,pigna,"Foglie alterne, tipicamente cuoriformi (cordate) alla base, lucide e verde scuro sulla pagina superiore, finemente seghettate sul margine.","Corteccia inizialmente liscia e grigiastra con lenticelle, che diventa marrone-scura e fessurata a piccoli blocchi quadrangolari con l'età .","Infruttescenze legnose (strobili) grandi rispetto agli altri ontani, ovoidali, riunite in gruppi di 2-3 su peduncoli robusti.","Chioma densa, molto regolare, da conica a piramidale, elegantemente strutturata. Portamento arboreo slanciato ed ornamentale.","Foglie semplici, alterne, cuoriformi (cordate) alla base, lunghe 6-12 cm, larghe 5-10 cm, con apice acuminato. Margine finemente seghettato. Pagina superiore verde scuro e lucido, inferiore più chiara e glabra. Nervature pennate con 6-8 paia di nervature secondarie. Picciolo lungo 2-4 cm."
ontano_nero,Ontano nero,Alnus glutinosa,Fagales,Betulaceae,Alnus,Latifoglia,Italia,"Pianura, Collina",Decidua,seghettato,alterne,fessurata,pigna,"Foglie alterne, da obovate a subrotonde, con apice tronco o tipicamente incavato (appiattito). Margine doppiamente seghettato, glabre e appiccicose da giovani.","Corteccia inizialmente liscia e grigio-verdastra, che con l'età  diventa nero-bronzea, spessa e fessurata in placche quadrangolari stabili.","Infruttescenze legnose ovali simili a piccole pigne (strobili) di colore marrone scuro, lungamente peduncolate, persistenti sui rami.","Chioma slanciata, tendenzialmente conica o piramidale, non troppo densa, sorretta da un tronco dritto. Tipico di ambienti palustri e ripariali.","Foglie semplici, alterne, da obovate a subrotonde, lunghe 5-10 cm, larghe 4-8 cm, con apice tronco o tipicamente incavato (appiattito). Margine doppiamente seghettato. Pagina superiore verde scuro, inferiore più chiara, glabre e appiccicose da giovani. Nervature pennate con 5-7 paia di nervature secondarie. Picciolo lungo 1-2 cm."
ontano_verde,Ontano verde,Alnus alnobetula,Fagales,Betulaceae,Alnus,Latifoglia,Nord,Montagna,Decidua,seghettato,alterne,liscia,pigna,"Foglie alterne, ovato-ellittiche, con apice acuto. Il margine è fittamente e finemente seghettato (quasi tagliente). Pagina superiore verde brillante e vischiosa, inferiore più chiara e glabra o con ciuffi di peli nelle ascelle delle nervature.","Corteccia grigio-verdastra, lucida e liscia, ricca di lenticelle trasversali. Rimane sottile e liscia per tutta la vita della pianta a causa del portamento cespuglioso.","Infruttescenze a pigna (strobili) piccole e ovali, inizialmente verdi e poi marroncine a maturità , riunite in piccoli grappoli eretti o patenti.","Portamento arbustivo, cespuglioso, fitto e allargato. I rami sono elastici e curvati verso il basso per resistere al peso della neve e alle valanghe nei contesti montani e subalpini.","Foglie semplici, alterne, ovato-ellittiche, lunghe 4-8 cm, larghe 2-4 cm, con apice acuminato e base arrotondata. Margine fittamente e finemente seghettato (quasi tagliente). Pagina superiore verde brillante e vischiosa, inferiore più chiara e glabra o con ciuffi di peli nelle ascelle delle nervature. Nervature pennate con 6-8 paia di nervature secondarie. Picciolo corto, fino a 1 cm."
orniello,Orniello (Frassino da manna),Fraxinus ornus,Lamiales,Oleaceae,Fraxinus,Latifoglia,Italia,"Collina, Montagna",Decidua,seghettato,opposte,liscia,samara,"Foglie opposte, grandi, composte imparipennate con 5-9 foglioline ovato-lanceolate a margine finemente seghettato. Gemme invernali grigie.","Corteccia grigio-chiara opaca, che rimane liscia, compatta e uniforme per tutta la vita della pianta, ricordando la pelle dell'elefante.","Samara allungata, lineare-lanceolata, disposta in fitti e spettacolari grappoli penduli che virano dal verde al marrone in autunno.","Chioma densa, globosa o arrotondata, molto ramificata. Famoso per l'abbondante fioritura bianca profumata in primavera e per l'estrazione della manna.","Foglie composte imparipennate, opposte, lunghe 15-25 cm, con 5-9 foglioline ovato-lanceolate, lunghe 5-10 cm, larghe 2-4 cm. Margine finemente seghettato. Pagina superiore verde scuro, inferiore più chiara e glabra. Rachide robusto, picciolo lungo 3-6 cm. Gemme invernali grigie e tomentose."
pero,Pero comune,Pyrus communis,Rosales,Rosaceae,Pyrus,Latifoglia,Italia,"Pianura, Collina",Decidua,seghettato,alterne,fessurata,capsula,"Foglie alterne, ovato-ellittiche, lucide sulla pagina superiore, glabre a maturità , con margine finemente seghettato o quasi intero.","Corteccia grigio-scura, tipicamente fessurata in piccoli blocchi o placche quadrangolari stabili e rigide molto caratteristiche.","Falso frutto chiamato pomo (pera), piriforme o turbinato, con polpa ricca di sclereidi (granulosa) e buccia verde-giallastra o bronzea.","Chioma tendenzialmente slanciata, piramidale o subglobosa, con rami principali inseriti ad angolo acuto sul tronco.","Foglie semplici, alterne, ovato-ellittiche, lunghe 5-10 cm, larghe 3-5 cm, con apice acuminato e base arrotondata. Margine finemente seghettato o quasi intero. Pagina superiore verde scuro e lucido, inferiore più chiara e glabra. Nervature pennate con 5-7 paia di nervature secondarie. Picciolo lungo 2-4 cm."
pesco,Pesco,Prunus persica,Rosales,Rosaceae,Prunus,Latifoglia,Italia,"Pianura, Collina",Decidua,seghettato,alterne,fessurata,capsula,"Foglie alterne, lanceolate e strette, lungamente appuntite, con margine finemente seghettato. Colore verde brillante.","Corteccia grigio-rossastra, inizialmente liscia con lenticelle, che diventa precocemente fessurata, ruvida e scagliosa sul tronco.","Drupa globosa (pesca) ricoperta da una caratteristica peluria vellutata (o liscia nelle nettarine), con polpa succosa e nocciolo solcato.","Chioma modesta, espansa e aperta, molto ramificata ma disordinata. Albero di piccole dimensioni.","Foglie semplici, alterne, lanceolate e strette, lunghe 8-15 cm, larghe 2-3 cm, con apice lungamente acuminato e base cuneata. Margine finemente seghettato. Pagina superiore verde brillante, inferiore più chiara. Nervature pennate con 10-15 paia di nervature secondarie. Picciolo corto, fino a 1 cm, spesso con ghiandole nettarifere."
pino_cembro,Pino cembro (Cirmolo),Pinus cembra,Pinales,Pinaceae,Pinus,Conifera,Nord,Montagna,Sempreverde,intero,coppie,fessurata,pigna,"Foglie aghiformi lunghe (5-11 cm), rigide ma flessibili, riunite in caratteristici fascetti di 5 aghi (pino pentafillo), di colore verde-glauco o azzurrognolo.","Corteccia grigio-verde e liscia da giovane, che col tempo si fessura longitudinalmente in scaglie spesse, rugose e stabili di colore bruno-rossastro.","Strobilo (pigna) grande, ovoidale e pesante, eretto, con squame spesse che racchiudono grandi semi eduli dal guscio legnoso (pinoli del cirmolo).","Chioma inizialmente conica e densa, che diventa cilindrica, irregolare o monumentale negli esemplari centenari d'alta quota. Legno aromatico.","Aghi lunghi 5-11 cm, riuniti in fascetti di 5, rigidi ma flessibili, sezione trasversale triangolare. Colore verde-glauco o azzurrognolo. Margine intero, apice acuminato. Guaine basali caduche."
pino_daleppo,Pino d'Aleppo,Pinus halepensis,Pinales,Pinaceae,Pinus,Conifera,"Centro, Sud, Sicilia, Sardegna","Collina, Mare",Sempreverde,intero,coppie,fessurata,pigna,"Foglie aghiformi in fascetti di 2, lunghe 6-12 cm, sottili, flessibili e di colore verde chiaro, non pungenti.","Corteccia grigio-argentata da giovane, che diventa bruno-rossastra, spessa, fessurata in placche irregolari e scagliose.","Strobilo (pigna) conico-ovoidale, lungo 5-10 cm, sessile, di colore bruno lucido a maturità , con squame spesse.","Chioma inizialmente conica, poi espansa e ombrelliforme, rada e di colore verde chiaro. Pino mediterraneo molto resistente alla siccità , tipico delle coste e isole.","Aghi lunghi 6-12 cm, riuniti in fascetti di 2, sottili, flessibili e non pungenti. Colore verde chiaro, sezione trasversale semicircolare. Margine intero, apice acuminato. Guaine basali persistenti."
pino_domestico,Pino domestico (da pinoli),Pinus pinea,Pinales,Pinaceae,Pinus,Conifera,Italia,"Collina, Mare",Sempreverde,intero,coppie,fessurata,pigna,"Foglie aghiformi in fascetti di 2, lunghe 10-15 cm, flessibili e non pungenti, di colore verde glauco o verde brillante.","Corteccia formata da grandi placche verticali (scaglie) grigio-rossastre o aranciate, separate da profondi solchi scuri longitudinali.","Strobilo (pigna) grande, globoso-ovoidale, pesante, contenente i famosi semi legnosi eduli privi di ala (i pinoli).","Chioma inconfondibile a forma di ombrello pieno o cupola, emisferica, concentrata sulla sommità  di un tronco dritto e slanciato.","Aghi lunghi 10-15 cm, riuniti in fascetti di 2, flessibili e non pungenti. Colore verde glauco o verde brillante, sezione trasversale semicircolare. Margine intero, apice acuminato. Guaine basali persistenti."
pino_laricio,Pino laricio,Pinus nigra subsp. laricio,Pinales,Pinaceae,Pinus,Conifera,"Sud, Sicilia",Montagna,Sempreverde,intero,coppie,fessurata,pigna,"Foglie aghiformi in fascetti di 2, lunghe 10-18 cm, sottili, flessibili e di colore verde-brillante, non pungenti.","Corteccia grigio-cenere da giovane, che con l'età  diventa scura, spessa e profondamente fessurata in placche rettangolari, con solchi molto profondi.","Strobilo (pigna) conico-ovoidale, simmetrico, di colore bruno lucido a maturità , lungo 5-8 cm, con squame apofisate.","Chioma inizialmente piramidale regolare, che diventa espansa e globosa negli esemplari adulti. Pino endemico di Calabria e Sicilia.","Aghi lunghi 10-18 cm, riuniti in fascetti di 2, sottili, flessibili e non pungenti. Colore verde brillante, sezione trasversale semicircolare. Margine intero, apice acuminato. Guaine basali persistenti."
pino_loricato,Pino loricato,Pinus leucodermis,Pinales,Pinaceae,Pinus,Conifera,Sud,Montagna,Sempreverde,intero,coppie,fessurata,pigna,"Foglie aghiformi in fascetti di 2, lunghe 4-8 cm, rigide, pungenti e di colore verde scuro opaco.","Corteccia caratteristica, grigio-cenere, formata da placche poligonali biancastre che ricordano un'armatura (lorica), separate da solchi scuri.","Strobilo (pigna) conico-ovoidale, di colore bruno chiaro a maturità , lungo 4-6 cm, con squame apofisate e spinose.","Chioma conico-piramidale e densa, con rami che si incurvano verso il basso. Pino endemico dei Balcani, presente in Calabria e Basilicata.","Aghi lunghi 4-8 cm, riuniti in fascetti di 2, rigidi, pungenti e di colore verde scuro opaco. Sezione trasversale semicircolare, margine intero, apice acuminato. Guaine basali persistenti."
pino_marittimo,Pino marittimo,Pinus pinaster,Pinales,Pinaceae,Pinus,Conifera,"Centro, Sud, Sardegna","Collina, Mare",Sempreverde,intero,coppie,fessurata,pigna,"Foglie aghiformi persistenti, riunite in fascetti di 2, estremamente lunghe (10-25 cm), rigide, spesse e pungenti, di colore verde scuro.","Corteccia grigiastra da giovane, che diventa spessa, profondamente fessurata in ampie placche romboidali di colore rosso-bruno scuro o violaceo.","Strobilo (pigna) grande, conico-allungato (8-22 cm), asimmetrico e lucido, sessile o quasi, contenente semi provvisti di grande ala.","Chioma inizialmente conica, poi espansa e irregolare, spesso rada e concentrata nella parte superiore del tronco. Portamento a ombrello aperto.","Aghi lunghi 10-25 cm, riuniti in fascetti di 2, estremamente rigidi, spessi e pungenti. Colore verde scuro, sezione trasversale semicircolare. Margine intero, apice acuminato. Guaine basali persistenti."
pino_mugo,Pino mugo,Pinus mugo,Pinales,Pinaceae,Pinus,Conifera,Nord,Montagna,Sempreverde,intero,coppie,squamosa,pigna,"Foglie aghiformi in fascetti di 2, lunghe 3-6 cm, rigide e leggermente ricurve, di colore verde scuro.","Corteccia grigio-scura, inizialmente liscia, che diventa squamosa e fessurata in placche irregolari negli esemplari adulti.","Strobilo (pigna) conico-ovoidale, simmetrico, lungo 3-6 cm, di colore bruno chiaro, con squame legnose apofisate.","Chioma densa, cespugliosa e irregolare, con rami che si allargano orizzontalmente. Portamento arbustivo o di piccolo albero, tipico degli ambienti subalpini.","Aghi lunghi 3-6 cm, riuniti in fascetti di 2, rigidi e leggermente ricurvi. Colore verde scuro, sezione trasversale semicircolare. Margine intero, apice acuminato. Guaine basali persistenti."
pinosilvestre,Pino silvestre,Pinus sylvestris,Pinales,Pinaceae,Pinus,Conifera,Nord,Montagna,Sempreverde,intero,coppie,squamosa,pigna,"Aghi in fascetti di 2, rigidi, leggermente ritorti e di colore verde-glauco, lunghi 4-7 cm.","Corteccia arancio-rossastra e squamosa nella parte alta del tronco, che si sfalda in sottili placche", grigio-brunastra e fessurata alla base.,"Strobilo conico-ovoidale, simmetrico, di colore marrone chiaro, lungo 3-6 cm, con squame legnose apofisate.","Chioma inizialmente conico-piramidale e densa, che con l'età  diventa espansa, irregolare e spesso rada, con rami che si incurvano verso l'alto. Negli esemplari adulti il tronco si spoglia inferiormente, mentre la chioma si appiattisce superiormente, assumendo un aspetto ombrelliforme di colore verde-azzurrognolo."
pioppo,Pioppo bianco,Populus alba,Malpighiales,Salicaceae,Populus,Latifoglia,Italia,Pianura,Decidua,lobato,alterne,liscia,capsula,"Foglie palmatolobate, con 3-5 lobi irregolari, bianco-tomentose sulla pagina inferiore. Pagina superiore verde scuro e lucida.","Corteccia liscia grigio-chiara con lenticelle romboidali nei giovani esemplari, che diventa scura e fessurata alla base con l'età .","Capsula bivalve riunita in amenti penduli, che a maturità  rilascia semi avvolti in una fitta peluria cotonosa bianca.","Chioma ampia e largamente arrotondata, con rami robusti e ascendenti. Albero tipico delle zone umide e dei corsi d'acqua.","Foglie semplici, alterne, palmatolobate con 3-5 lobi irregolari, lunghe 5-10 cm, larghe 5-10 cm. Margine intero o leggermente dentato. Pagina superiore verde scuro e lucido, inferiore bianco-tomentosa (da cui bianco). Nervature palmato-reticolate con 3-5 nervature principali. Picciolo lungo 3-6 cm, appiattito lateralmente."
pioppo_nero,Pioppo nero,Populus nigra,Malpighiales,Salicaceae,Populus,Latifoglia,Italia,Pianura,Decidua,seghettato,alterne,fessurata,capsula,"Foglie alterne, triangolari o romboidali, lungamente acuminate all'apice e a base tronca. Margine finemente seghettato e picciolo piatto flessibile.","Corteccia grigio-scura, spessa e profondamente fessurata in solchi longitudinali e grandi creste sugherose, ricca di grossi nodi sul tronco.","Capsula bivalve riunita in amenti penduli, che a maturità  libera piccoli semi avvolti in una fitta peluria cotonosa bianca (pappi).","Chioma ampia, espansa e irregolare (diventa colonnare stretta ed eretta nella varietà  'Italica' o pioppo cipressino). Tronco robusto.","Foglie semplici, alterne, triangolari o romboidali, lunghe 5-10 cm, larghe 4-8 cm, con apice lungamente acuminato e base tronca. Margine finemente seghettato. Pagina superiore verde scuro, inferiore più chiara e glabra. Nervature pennate con 3-5 paia di nervature secondarie. Picciolo piatto e flessibile, lungo 2-5 cm."
pioppo_tremolo,Pioppo tremolo,Populus tremula,Malpighiales,Salicaceae,Populus,Latifoglia,Italia,"Collina, Montagna",Decidua,lobato,alterne,liscia,capsula,"Foglie alterne, subrotonde o palmatolobate, con margine dentato e apice acuminato. Picciolo appiattito lateralmente che fa vibrare le foglie al minimo soffio di vento.","Corteccia grigio-verdastra, liscia con lenticelle, che diventa scura e fessurata alla base con l'età.","Capsula bivalve riunita in amenti penduli, che a maturità rilascia semi avvolti in una fitta peluria cotonosa bianca.","Chioma slanciata, conico-piramidale o colonnare, con rami eretti e portamento leggero. Specie pioniera dei boschi montani.","Foglie semplici, alterne, subrotonde o palmatolobate, lunghe 4-8 cm, larghe 4-8 cm, con margine dentato e apice acuminato. Pagina superiore verde scuro, inferiore più chiara e glabra. Nervature palmato-reticolate con 3-5 nervature principali. Picciolo appiattito lateralmente, lungo 3-6 cm."
platano,Platano comune,Platanus acerifolia,Proteales,Platanaceae,Platanus,Latifoglia,Italia,"Pianura, Collina",Decidua,lobato,alterne,squamosa,capsula,"Foglie alterne, grandi, palmatilobate con 3-5 lobi triangolari, simili a quelle dell'acero ma disposte in modo alterno sul ramo.","Corteccia inconfondibile che si sfoglia continuamente in grandi placche sottili (scaglie), lasciando macchie lisce giallastre, verdi e bianche.","Infruttescenze globose (palline) pendule e ispide, solitarie o a coppie, che a maturità  si disgregano liberando piccoli semi piumosi.","Chioma monumentale, imponente ed espansa, molto ramificata, sorretta da un tronco robusto e rami vigorosi. Forma della chioma piramidale in gioventù, diventa globosa in età adulta.","Foglie semplici, alterne, grandi, palmatilobate con 3-5 lobi triangolari acuminati, lunghe 10-20 cm, larghe 10-20 cm. Margine intero o leggermente dentato. Pagina superiore verde scuro, inferiore più chiara e pubescente. Nervature palmato-reticolate con 3-5 nervature principali. Picciolo lungo 5-10 cm, con base dilatata che ricopre la gemma."
quercia_rossa,Quercia rossa,Quercus rubra,Fagales,Fagaceae,Quercus,Latifoglia,Italia,Collina,Decidua,lobato,alterne,fessurata,ghianda,"Foglie alterne, grandi, obovate, con 7-11 lobi appuntiti e dentati, di colore verde scuro lucido. In autunno assumono una spettacolare colorazione rosso-brunastra.","Corteccia grigio-chiara, liscia da giovane, che diventa grigio-scura e fessurata in placche sottili e irregolari negli esemplari adulti.","Ghianda ovoidale, protetta per circa un terzo da una cupola a forma di scodella, con squame appressate.","Chioma ampia, densa e arrotondata, con tronco dritto e rami ascendenti. Quercia nordamericana molto usata nei parchi e per rimboschimenti.","Foglie semplici, alterne, obovate, lunghe 10-20 cm, larghe 8-12 cm, con 7-11 lobi appuntiti e dentati. Margine intero o leggermente dentato. Pagina superiore verde scuro e lucido, inferiore più chiara e glabra. Nervature pennate con 7-11 paia di nervature secondarie. Picciolo lungo 2-4 cm."
robinia,Robina,Robinia pseudoacacia,Fabales,Fabaceae,Robinia,Latifoglia,Italia,"Pianura, Collina",Decidua,intero,alterne,fessurata,capsula,"Foglie alterne, composte imparipennate, lunghe 15-30 cm, formate da 9-21 foglioline ovate o ellittiche con margine intero. Alla base del picciolo sono presenti due caratteristiche spine acuminate lunghe fino a 2 cm.","Corteccia di colore marrone-grigiastra, spessa e profondamente fessurata in senso longitudinale. Nei vecchi esemplari forma un disegno a reticolo con creste sporgenti e intrecciate molto evidenti.","Il frutto è un legume (baccello) piatto, allungato (5-10 cm) e liscio, di colore bruno-rossastro a maturità . Resta tenacemente attaccato ai rami spogli per tutto l'inverno e contiene diversi semi scuri.","Chioma leggera, espansa e tendenzialmente irregolare o trasparente, che lascia passare molta luce. Il portamento è eretto, spesso molto ramificato e con rami sinuosi o contorti.","Foglie composte imparipennate, alterne, lunghe 15-30 cm, con 9-21 foglioline ovate o ellittiche, lunghe 2-5 cm, larghe 1-2 cm. Margine intero, pagina superiore verde scuro, inferiore più chiara e glabra. Rachide robusto, picciolo lungo 3-5 cm con spine alla base. Nervatura pennata con nervature secondarie evidenti."
rovere,Rovere,Quercus petraea,Fagales,Fagaceae,Quercus,Latifoglia,"Nord, Centro","Collina, Montagna",Decidua,lobato,alterne,fessurata,ghianda,"Foglie alterne, regolari, obovate, con 5-8 coppie di lobi arrotondati. Lamina glabra, provvista di un picciolo ben evidente e lungo (caratteristica discriminante dalla farnia).","Corteccia grigio-bruna, sottile da giovane, che si fessura longitudinalmente in modo regolare formando fitti costoloni verticali paralleli.","Ghiande ovoidali riunite a gruppi di 2-5, quasi completamente prive di peduncolo (sessili) e inserite direttamente sul rametto.","Chioma imponente, densa, emisferica e regolare, con rami principali dritti e slanciati inseriti ad angolo acuto. Portamento maestoso.","Foglie semplici, alterne, obovate, lunghe 6-12 cm, larghe 3-7 cm, con 5-8 coppie di lobi arrotondati. Margine intero o leggermente ondulato, pagina superiore verde scuro e glabra, inferiore più chiara e glabra o con peli nelle ascelle delle nervature. Nervature pennate con 5-8 paia di nervature secondarie. Picciolo lungo 1-2 cm (carattere discriminante)."
roverella,Roverella,Quercus pubescens,Fagales,Fagaceae,Quercus,Latifoglia,Italia,Collina,Decidua,lobato,alterne,fessurata,ghianda,"Foglie semplici, obovate, con 4-7 lobi arrotondati e peluria stellata sulla pagina inferiore. Margine intero o leggermente dentato.","Corteccia fessurata a piccole placche rettangolari nerastre, spessa e rugosa.","Ghianda singola o a gruppi con cupola squamosa, pubescente, che copre circa metà  del frutto.","Chioma ampia e globosa negli esemplari isolati, con rami contorti e portamento irregolare.","Foglie semplici, alterne, obovate, lunghe 4-8 cm, larghe 3-5 cm, con 4-7 lobi arrotondati e poco profondi. Margine intero o leggermente dentato. Pagina superiore verde scuro e opaco, inferiore grigio-tomentosa per fitta peluria stellata. Nervature pennate con 5-7 paia di nervature secondarie. Picciolo corto, fino a 0,5 cm."
salice_bianco,Salice bianco,Salix alba,Malpighiales,Salicaceae,Salix,Latifoglia,Italia,Pianura,Decidua,seghettato,alterne,fessurata,capsula,"Foglie alterne, lanceolate, con margine finemente seghettato. Ricoperte su entrambe le pagine (soprattutto sotto) da una fitta peluria argentea e lucida (da cui bianco).","Corteccia grigio-bruna, spessa, profondamente fessurata in senso longitudinale con costoloni fibrosi e stabili negli esemplari maturi.","Capsula bivalve ovoidale disposta in amenti eretti, che si apre liberando semi avvolti in un fitto cotone idrofilo bianco.","Chioma ampia, aperta, con rami principali eretti e rametti secondari flessibili ma non penduli. Aspetto argenteo molto caratteristico lungo i fiumi.","Foglie semplici, alterne, lanceolate, lunghe 5-10 cm, larghe 1-2 cm, con apice acuminato e base cuneata. Margine finemente seghettato. Pagina superiore verde-grigiastra e glabra, inferiore argentata per fitta peluria. Nervature pennate con 10-15 paia di nervature secondarie. Picciolo corto, fino a 0,5 cm."
sequoia,Sequoia,Sequoiadendron giganteum,Cupressales,Cupressaceae,Sequoiadendron,Conifera,Italia,"Collina, Montagna",Sempreverde,intero,alterne,squamosa,pigna,"Foglie aghiformi o squamiformi, persistenti, disposte a spirale sui rametti, di colore verde glauco o verde scuro, con punta appuntita.","Corteccia molto spessa (fino a 30 cm), fibrosa e sugherosa, di colore rosso-brunastro, profondamente fessurata e morbida al tatto.","Cono legnoso ovoidale, piccolo (3-5 cm), con scudetti romboidali che si aprono a maturità  rilasciando piccoli semi alati.","Chioma conico-piramidale e slanciata, con tronco imponente e rami orizzontali. Tra gli alberi più alti e massicci del mondo.","Foglie aghiformi o squamiformi, persistenti, lunghe 1-2 cm, disposte a spirale sui rametti. Colore verde glauco o verde scuro, apice appuntito. Margine intero. Sessili, con base aderente al rametto."
sorbo_domestico,Sorbo domestico,Sorbus domestica,Rosales,Rosaceae,Sorbus,Latifoglia,Italia,"Collina, Montagna",Decidua,seghettato,alterne,fessurata,capsula,"Foglie alterne, composte imparipennate con 7-11 foglioline ovali-ellittiche, margine finemente seghettato, di colore verde scuro lucido.","Corteccia grigio-bruna, liscia da giovane, che con l'età si fessura longitudinalmente in placche sottili e irregolari.","Pomo (falso frutto) globoso o piriforme, di colore giallo-verdastro o bruno-rossastro a maturità, con polpa farinosa e semi duri.","Chioma ampia, globosa e densa, con rami robusti e portamento maestoso. Albero da frutto tradizionale dei boschi collinari.","Foglie composte imparipennate, alterne, lunghe 15-25 cm, con 7-11 foglioline ovali-ellittiche, lunghe 4-8 cm, larghe 2-4 cm. Margine finemente seghettato, pagina superiore verde scuro e lucido, inferiore più chiara e pubescente lungo le nervature. Nervature pennate con 6-8 paia di nervature secondarie. Picciolo lungo 2-5 cm."
sorbo_uccellatori,Sorbo degli uccellatori,Sorbus aucuparia,Rosales,Rosaceae,Sorbus,Latifoglia,"Nord, Centro",Montagna,Decidua,seghettato,alterne,liscia,capsula,"Foglie alterne, composte imparipennate con 9-15 foglioline oblungo-lanceolate, margine seghettato, di colore verde scuro opaco.","Corteccia grigio-bruna, liscia e lucida, con lenticelle evidenti, che tende a fessurarsi solo negli esemplari molto vecchi.","Piccola bacca globosa di colore rosso-arancio brillante a maturità, riunita in fitti grappoli penduli, contenente piccoli semi.","Chioma slanciata, conico-piramidale o arrotondata, con rami eretti e portamento leggero. Tipico dei boschi montani e subalpini.","Foglie composte imparipennate, alterne, lunghe 10-20 cm, con 9-15 foglioline oblungo-lanceolate, lunghe 2-5 cm, larghe 1-2 cm. Margine seghettato, pagina superiore verde scuro opaco, inferiore più chiara e pubescente. Nervature pennate con 5-8 paia di nervature secondarie. Picciolo lungo 2-4 cm."
sughera,Sughera,Quercus suber,Fagales,Fagaceae,Quercus,Latifoglia,"Centro, Sud, Sicilia, Sardegna","Collina, Mare",Sempreverde,intero,alterne,sugherosa,ghianda,"Foglie ovato-lanceolate, coriacee, con margine intero o dentellato. Pagina superiore verde scuro, inferiore più chiara e pubescente.","Corteccia spessa, sugherosa, profondamente fessurata, soffice al tatto e con aspetto spugnoso.","Ghianda ovoidale, protetta per circa un terzo o metà  da una cupola con squame appressate e pubescenti.","Chioma asimmetrica, larga e meno densa di quella del Leccio, con rami contorti e portamento irregolare.","Foglie persistenti, coriacee, ovato-lanceolate, lunghe 3-6 cm, larghe 1-2 cm, con margine intero o dentellato. Pagina superiore verde scuro, inferiore più chiara e pubescente. Nervature pennate con 5-7 paia di nervature secondarie. Picciolo corto, fino a 0,5 cm."
tasso,Tasso (Albero della morte),Taxus baccata,Cupressales,Taxaceae,Taxus,Conifera,Italia,"Collina, Montagna",Sempreverde,intero,isolati,fessurata,arillo,"Foglie aghiformi piatte, lineari, inserite a spirale ma disposte su due file pettinate. Colore verde scuro lucido sopra, più chiare sotto. Tossiche.","Corteccia sottile, bruno-rossastra, che si distacca precocemente in scaglie o placche longitudinali allungate, mostrando strati interni aranciati.","Falso frutto composto da un seme durissimo avvolto parzialmente da una cupolina carnosa rossa e succosa (arillo), che è l'unica parte non tossica.","Chioma densa, cupa, tondeggiante o piramidale, molto ramificata fin dalla base. Accrescimento estremamente lento.","Aghi lunghi 1-2,5 cm, lineari, piatti, disposti a spirale ma appiattiti su due file (pettinati). Colore verde scuro lucido sulla pagina superiore, più chiare inferiormente con due bande stomatiche. Margine intero, apice acuminato. Picciolo corto. Tossiche per la presenza di tassina."
tiglio,Tiglio selvatico,Tilia cordata,Malvales,Malvaceae,Tilia,Latifoglia,"Nord, Centro","Collina, Montagna",Decidua,seghettato,alterne,liscia,capsula,"Foglie a forma di cuore (cordata) con seghettatura fine e apice acuminato. Pagina superiore verde scuro, inferiore più chiara con ciuffi di peli rossicci all'ascella delle nervature.","Corteccia inizialmente liscia e grigia, poi finemente fessurata longitudinalmente negli esemplari adulti.",Piccola capsula globosa attaccata a una brattea fogliacea che funge da organo di dispersione.,"Tronco molto robusto a volte policormico negli individui isolati, chioma ampia, subglobosa.","Foglie semplici, alterne, cordate (a forma di cuore), lunghe 5-10 cm, larghe 5-8 cm, con apice acuminato e base cordata. Margine finemente e regolarmente seghettato. Pagina superiore verde scuro, inferiore più chiara con ciuffi di peli rossicci all'ascella delle nervature. Nervature pennate con 5-7 paia di nervature secondarie. Picciolo lungo 2-5 cm."
tiglio_nostrano,Tiglio nostrano,Tilia platyphyllos,Malvales,Malvaceae,Tilia,Latifoglia,Italia,"Collina, Montagna",Decidua,seghettato,alterne,liscia,capsula,"Foglie alterne, grandi, a forma di cuore (cordate), con margine seghettato e pagina superiore verde scuro, inferiore più chiara e pubescente con ciuffi di peli bianchi all'ascella delle nervature.","Corteccia grigio-bruna, liscia da giovane, che diventa finemente fessurata longitudinalmente negli esemplari adulti.","Piccola capsula globosa, tomentosa, attaccata a una brattea fogliacea lunga 5-10 cm che funge da organo di dispersione.","Chioma ampia, densa e arrotondata, con tronco robusto e rami ascendenti. Albero maestoso dei boschi di latifoglie, più grande del tiglio selvatico.","Foglie semplici, alterne, cordate (a forma di cuore), lunghe 7-12 cm, larghe 7-10 cm, con apice acuminato e base cordata. Margine regolarmente seghettato. Pagina superiore verde scuro, inferiore più chiara e pubescente con ciuffi di peli bianchi all'ascella delle nervature. Nervature pennate con 5-7 paia di nervature secondarie. Picciolo lungo 3-6 cm."
